{
    "os": "Linux-5.11.0-34-generic-x86_64-with-debian-bullseye-sid",
    "python": "3.7.11",
    "heartbeatAt": "2021-09-16T05:44:34.986586",
    "startedAt": "2021-09-16T05:44:33.486130",
    "docker": null,
    "gpu": "NVIDIA GeForce RTX 3060",
    "gpu_count": 1,
    "cpu_count": 6,
    "cuda": null,
    "args": [
        "-f",
        "/home/indika/.local/share/jupyter/runtime/kernel-6ea6d3aa-f1af-42b5-8787-d11c46e97527.json"
    ],
    "state": "running",
    "program": "00.ipynb",
    "root": "/home/indika/Programming/Projects/Python/Artifical-Intelligence/PyTorch/NLP/JanataHack-NLP-Hackathon",
    "host": "programmer-rd-ai",
    "username": "indika",
    "executable": "/home/indika/anaconda3/bin/python"
}
